/*
SQLyog Ultimate v11.11 (64 bit)
MySQL - 5.5.5-10.1.29-MariaDB : Database - kqc_web
*********************************************************************
*/

/*!40101 SET NAMES utf8 */;

/*!40101 SET SQL_MODE=''*/;

/*!40014 SET @OLD_UNIQUE_CHECKS=@@UNIQUE_CHECKS, UNIQUE_CHECKS=0 */;
/*!40014 SET @OLD_FOREIGN_KEY_CHECKS=@@FOREIGN_KEY_CHECKS, FOREIGN_KEY_CHECKS=0 */;
/*!40101 SET @OLD_SQL_MODE=@@SQL_MODE, SQL_MODE='NO_AUTO_VALUE_ON_ZERO' */;
/*!40111 SET @OLD_SQL_NOTES=@@SQL_NOTES, SQL_NOTES=0 */;
CREATE DATABASE /*!32312 IF NOT EXISTS*/`kqc_web` /*!40100 DEFAULT CHARACTER SET utf8 COLLATE utf8_unicode_ci */;

USE `kqc_web`;

/*Table structure for table `artikel` */

DROP TABLE IF EXISTS `artikel`;

CREATE TABLE `artikel` (
  `artikel_id` int(5) NOT NULL AUTO_INCREMENT,
  `kategori_id` int(5) DEFAULT NULL,
  `artikel_username` varchar(30) CHARACTER SET latin1 COLLATE latin1_general_ci DEFAULT NULL,
  `artikel_judul` varchar(100) CHARACTER SET latin1 COLLATE latin1_general_ci DEFAULT NULL,
  `artikel_judul_seo` varchar(100) CHARACTER SET latin1 COLLATE latin1_general_ci DEFAULT NULL,
  `artikel_isi` text COLLATE utf8_unicode_ci,
  `artikel_hari` varchar(20) CHARACTER SET latin1 COLLATE latin1_general_ci DEFAULT NULL,
  `artikel_tanggal` datetime DEFAULT NULL,
  `artikel_gambar` varchar(100) CHARACTER SET latin1 COLLATE latin1_general_ci DEFAULT NULL,
  `artikel_view` int(5) DEFAULT '1',
  `artikel_tag` varchar(100) CHARACTER SET latin1 COLLATE latin1_general_ci DEFAULT NULL,
  `artikel_status` enum('Y','N') COLLATE utf8_unicode_ci DEFAULT 'N',
  PRIMARY KEY (`artikel_id`)
) ENGINE=MyISAM AUTO_INCREMENT=14 DEFAULT CHARSET=utf8 COLLATE=utf8_unicode_ci;

/*Data for the table `artikel` */

insert  into `artikel`(`artikel_id`,`kategori_id`,`artikel_username`,`artikel_judul`,`artikel_judul_seo`,`artikel_isi`,`artikel_hari`,`artikel_tanggal`,`artikel_gambar`,`artikel_view`,`artikel_tag`,`artikel_status`) values (1,1,'Administrator','Syeikh Basith : Hikmah dari Bencana','syeikh-basith--hikmah-dari-bencana','<p>Syeikh Abdul Basith Musfi, pemuda 23 tahun yang lahir di Arab Saudi itu mengaku prihatin dan turut berduka atas sejumlah bencana alam yang terjadi di Indonesia. Khususnya <a href=\"https://sedekahonline.com/donasi/bantu-korban-banjir-bandang-konawe\">banjir bandang</a> di Konawe dan Konawe Utara, Sulawesi Tenggara pada awal Juni lalu.</p>\r\n\r\n<p>Namun menurut syiekh yang saat ini aktif menjadi pengajar di Univeritas Umul Qura Mekah itu, ada hikmah yang bisa dipetik umat muslim dari setiap bencana yang terjadi. Musibah sejatinya adalah ujian dari Allah agar ketakwaan umatNya semakin meningkat.</p>\r\n\r\n<p>“Hikmah dari bencana itu kita harus berlebih ibadah, dengan mengingat Allah, berzikir kepadaNya, membaca Al-Qur’an dan melakukan hal-hal yang membuat kita semakin meningkatkan ibadah kepadaNya,” ujar hafizh 30 juz itu.</p>\r\n\r\n<p>Kemudian tutur Syeikh Basith dengan ikut membantu saudara-saudara sesama muslim yang terkena dampak bencana tersebut. Ia pun menyebutkan hadits riwayat Bukhari dan Muslim, ” Tidak sempurna Iman seseorang sehingga ia mencintai saudaanya sebagaimana ia mencintai dirinya sendiri. ”</p>\r\n\r\n<p>“Orang yang beriman itu adalah ia yang membantu fakir, miskin dan mereka yang sedang kesulitan. Umat muslim yang membantu sesama itu pahalanya besar sekali. Mari biasakan berzikir, membaca Al-Qur’an, <a href=\"https://sedekahonline.com/donasi/indonesia-siaga-bencana\">sedekah</a> dan berinfak,” tutur Syeikh Basith.</p>','Selasa','2019-06-25 21:53:22','c1b7329257cbae933daf031cbd0d19fc.jpg',0,'sepakbola','Y'),(2,2,'Administrator','Ahmadinejad: Gaza Akan Jadi Kuburan Israel','ahmadinejad-gaza-akan-jadi-kuburan-israel','<p>Iran dan Israel tampaknya tidak akan pernah melakukan genjatan senjata. Presiden Iran Mahmoud Ahmadinejad melontarkan kata-kata serangan terhadap Israel dengan menyebut negara Yahudi itu akan segera lenyap dari bumi. \"<em>Kejahatan yang dilakukan rejim Zionis (Israel) terjadi karena mereka sadar sudah sampai di akhir dan segera lenyap dari muka bumi</em>,\" kata Ahmadinejad dalam pawai anti-Israel yang berlangsung di Teheran, seperti dilaporkan kantor berita Mehr dan dikutip DPA, Sabtu (13/12).<br>\r\n<br>\r\nDia mengatakan Israel sudah kehilangan arah dan kian sadar bahwa kelompok negara-negara kuat makin ragu untuk menunjukkan dukungan untuk negara Yahudi itu.<br>\r\n<br>\r\nAhmadinejad juga mengatakan bahwa kejahatan Israel di Gaza bertujuan mengganti pemimpin politik di wilayah itu agar sesuai dengan kepentingan politik Israel. (sumber: <a href=\"http://inilah.com\" target=\"_blank\">inilah.com</a>)</p>','Selasa','2019-06-25 22:14:15','3048eaeb330e4a27c005ebd9a5b615ac.jpg',0,'gaza,israel,palestina','Y'),(3,1,'Administrator','Google Chrome Susupi Microsoft','google-chrome-susupi-microsoft','<p>Browser Microsoft, Internet Explorer (IE), bisa mendominasi karena tersedia secara default pada banyak komputer di pasaran. Google Chrome akan menggoyang dengan menyusup di lahan yang sama. Google rupanya sudah bersiap-siap menawarkan Google Chrome secara default pada komputer-komputer baru.</p>\r\n\r\n<p>Pichai juga menjanjikan Chrome akan keluar dari versi Beta (uji coba) pada awal 2009. Jika Google berhasil menyusupkan Chrome dalam lahan yang selama ini jadi &#39;mainan&#39; Microsoft, lanskap perang browser akan mengalami perubahan.</p>\r\n\r\n<p>Saat ini Microsoft masih mendominasi pada kisaran 70 persen lewat Internet Explorer-nya, sedangkan Firefox menguasai sekitar 20 persen. (sumber: <a href=\"http://detikinet.com\" target=\"_blank\">detikinet.com</a>)</p>','Minggu','2019-06-23 19:32:59','8438de06e424ec745124638020936c00.jpg',0,'browser,google','Y'),(4,2,'Administrator','Pemilik Facebook akan Dibuat Filmnya','pemilik-facebook-akan-dibuat-filmnya','<p>Sutradara David Fincher nampak jeli melihat peluang di tengah booming fenomena Facebook. Fincher akan menghadirkan sebuah film yang menceritakan tentang Mark Zuckerberg dan Facebook bagi para pencinta film dan Facebook tentunya.</p>\r\n\r\n<p>Fincher mengaku rencana pembuatan film ini masih dinegosiasikan dengan pihak Zuckerberg. Dia hanya menyebutkan, filmya akan fokus menceritakan Mark Zuckerberg yang awalnya merancang Facebook sebatas untuk keperluan mahasiswa Universitas Harvard.</p>\r\n\r\n<p>Film ini memaparkan bagaimana setelah itu Facebook kemudian berkembang menjadi fenomena yang mendunia sejak diluncurkan pada 2004.</p>\r\n\r\n<p>Dalam penggarapan film ini, Fincher mengajak serta orang-orang kompeten di bidang film. Antara lain Aaron Sorkin, yang merupakan penulis naskah acara serial televisi ternama The West Wing.</p>\r\n\r\n<p>Sementara itu, Columbia Pictures yang menamai film ini \"The Social Network\" dipercaya untuk memulai produksi film pada akhir tahun ini.</p>\r\n\r\n<p>Sebagian orang menilai kehadiran film ini nantinya akan mengorek kembali kasus lama dimana tiga teman Zuckerberg, Cameron dan Tyler Winklevoss serta Divya Narendra mengklaim Zuckerberg telah mencuri ide mereka untuk membuat Facebook.</p>\r\n\r\n<p>Pada saat Zuckerberg meluncurkan Facebook, mereka menuntut perkara atas Zuckerberg. Awal tahun ini, pengadilan AS memutuskan Facebook harus membayar USD65 juta untuk melunasi perkara ini.</p>','Selasa','2019-06-25 22:14:04','54d0cc5f0a0904da04e0975a20c00725.jpg',0,'film','Y'),(5,1,'Administrator','Sharapova, Petenis Wanita Berpenghasilan Tertinggi','sharapova-petenis-wanita-berpenghasilan-tertinggi','<p>Petenis asal Rusia, Maria Sharapova dengan penghasilan 26 juta dolar AS merupakan petenis wanita berpenghasilan tertinggi. Ia pernah menempati peringkat satu dunia, pasca mundurnya Justine Henin. Ia juga memiliki prestasi dengan menjuarai turnamen grand slam Australia Terbuka dan AS Terbuka. Namun, sebagian besar penghasilannya didapat dari kontrak iklannya bersama Pepsi, Colgate-Palmolive, Nike dan Motorola.<br>\r\n<br>\r\nBerikutnya disusul Williams bersaudara dari Amerika, yaitu Serena Williams dengan penghasilan 14 juta dolar AS. Ia meraih tiga gelar juara tiap tahunnya semenjak tahun 2005. Ia juga merupakan model dari produk Hawlett-Packard, Nike, dan Kraft. Sedangkan kakak kandungnya, yaitu Venus Williams berpenghasilan 13 juta dolar AS. Ia mengalahkan adiknya di final Wimbledon tahun 2008. Ia memiliki dan menjalankan sendiri usaha fashion Eleven.<br>\r\n<br>\r\nDi peringkat ke empat dan kelima adalah petenis Belgia yaitu Justine Henin dengan penghasilan 12,5 juta dolar AS. Dan petenis asal Serbia, yaitu Ana Ivanovic dengan penghasilan 6,5 juta dolar AS.</p>','Minggu','2019-06-23 19:35:53','67204b14e2d1ff9a9768b943ab5610b1.jpg',0,'tenis','Y'),(6,1,'admin','Dalam Dua Pekan, KCB 2 Ditonton 1,5 Juta','dalam-dua-pekan-kcb-2-ditonton-15-juta-penonton','<p>\r\nFilm Ketika Cinta Bertasbih (KCB) 2 diyakini bakal mereguk sukses seperti sekuel pertamanya Sejak diputar perdana tanggal 17 September lalu atau selama 15 hari, film garapan SinemArt telah disaksikan 1,5 juta penonton. \r\n</p>\r\n<p>\r\nRekor yang sama juga dialami KCB 1. &quot;Pada pemutaran KCB 1 kami bisa memecah rekor pemutaran film di Indonesia, yaitu mendapat penonton sebanyak 100.000 perhari,&quot; ungkap Frans dari SinemArt saat promo film KCB 2 di Royal Plaza, Minggu (4/10).\r\n</p>\r\n<p>\r\nPihak SinemArt berharap KCB 2 bisa meraih prestasi minimal sama dengan KCB 1 dengan total 3 juta penonton. Untuk mencapai target tersebut, pihak SinemArt tak henti melakukan serangkaian promo di sejumlah kota di Tanah Air maupun di mancanegara.\r\n</p>\r\n<p>\r\n&quot;Hari ini (Minggu, 4/10), Kholidi (Kholidi Asadil Alam, pemeran Azzam) dan Oki (Oki Setiana Dewi pemeran Anna) ke Hongkong untuk promo di sana,&quot; imbuh Frans. Pekan depan (10-12 Oktober 2009), giliran Meyda Sefira berangkat ke Makau untuk kegiatan yang sama.\r\n</p>\r\n<p>\r\nFilm besutan sutradara Chaerul Umam ini juga dijadwalkan diputar di Aceh pada tanggal 11-12 Oktober mendatang. Menurut Frans, pemutaran KCB 1 di kota yang dikenal dengan sebutan Serambi Mekkah ini ditonton 8.000 orang.\r\n</p>\r\n<p>\r\nPadahal di kota tersebut sama sekali tidak ada gedung bioskop. Karena itu kru SinemArt terpaksa mengusung peralatan khusus dari Jakarta dan memutar di sebuah gedung khusus selama dua hari dalam tujuh kali show.\r\n</p>\r\n<p>\r\nBertutur tentang kesan berperan di KCB 2, Kholidi beberapa waktu lalu mengaku paling terkesan dengan adegan kecelakaan saat membonceng Bu&#39;e (Ninik L Karim). Karena ketika sepeda motornya terjatuh dia harus teriak memanggil ibundanya. &quot;Bu&#39;eee! Wah itu lumayan sulit,&quot; ungkap Kholidi.\r\n</p>\r\n<p>\r\nAdegan lain yang cukup berkesan adalah ketika pria asal Pasuruan ini terkapar di rumah sakit paska kecelakaan yang dia alami. &quot;Ekspresi orang sakitnya kan harus dapat. Terus suaranya juga harus disesuaikan, tidak seperti kita ngomong biasa, jadi agak sedikit tertahan di tenggorokan, powernya tidak full seperti ngomong biasanya,&quot; bebernya.\r\n</p>\r\n<p>\r\nUntuk adegan itu Kholidi yang kini menempuh pendidikan di Universitas Al Azhar, Jakarta melakukan observasi pada beberapa orang yang pernah mengalami kecelakaan. &quot;Aku juga tanya-tanya ke dokter. Ternyata di tempat tidurnya nggak bisa pakai bantal, posisi badannya harus lurus. Terus kalau ada gips di kaki, posisi jalan kita akan seperti apa. Biar nantinya terlihat lebih reel lah adengannya,&quot;  pungkas Kholidi. (sumber: <a href=\"http://surya.co.id\">surya.co.id</a>) \r\n</p>\r\n','Minggu','2009-10-25 00:00:00','54kcb2.jpg',55,'film','Y'),(7,1,'admin','Windows 7 Gantikan Windows Vista','windows-7-gantikan-windows-vista','<p>\r\nMicrosoft  ingin memudahkan rencana para administrator komputer yang akan bermigrasi ke Windows 7, namun sebuah tulisan di blog salam satu anggota tim Windows 7 berkata sebaliknya.\r\nSkenario uji coba terbaru menunjukkan, sebagian besar pengguna, proses upgrading akan menyulitkan, mengambil waktu kira-kira 30 menit. \r\n</p>\r\n<p>\r\nProsentasi terbesar pengguna menyebut, migrasi butuh waktu hingga 21 jam.\r\nSalah satu anggota tim Windows dari Microsoft, Chris Hernandez, mengungkap hasi pengetesan timnya dengan berbagai merek komputer dan konfigurasi tipikal pengguna lewat simulasi pada tingkatan berbeda dari proses migrasi Vista ke Windwos pada Jumat akhir pekan lalu.\r\n</p>\r\n<p>\r\nTujuan simulasi untuk memastikan apakah upgrade dari Vista Service Pack (SP) 1 ke Windows 7, dalam lima persen percobaan utama, lebih cepat ketimbang upgrade dari Vista SP1 ke Vista SP2, ujar Chris.\r\nProses dari Vista SP1 ke Vista SP2 dipilih karena itu opsi instalasi paling umum digunakan Microsoft Product Support Services, yakni skenario repair (perbaikan ulang) di mana prosedur yang paling dianjurkan adalah melakukan re-instalasi sistem operasi (OS) yang sudah ada di komputer saat itu. \r\n</p>\r\n<p>\r\nChris menampilkan hasil tes dalam blognya.\r\nTim mengetes konfigurasi komputer khusus hadware, merentang dari kategori hardware low-end (spesifikasi rendah), mid-range (spesifikasi menengah) dan high-end (spesifikasi atas). Kategori itu berlawanan dengan skenario pengguna pada umumnya yang berbasis pertanyaan seperti, berapa besar set data yang dibutuhkan pengguna dan bagaimana macam aplikasi tersebut diinstall.\r\n</p>\r\n<p>\r\nUntuk kategori komputer spesifikasi atas, Chris dan timnya mendefinisikan komputer dengan sistem operasi 32 bit dan memiliki CPU berprosesor Inter Core 2 Quad, yang bejalan di 2,4 GHz, memori 4GB dan hardisk 1 Terabyte .\r\nSementara, pengguna umumnya memiliki data sebesar 125 GB yang terikat dalam format dokumen, musik dan gambar dengan 40 aplikasi yang diinstal di komputer mereka.\r\nKinerja upgrade Vista SP1 ke Windows 7 pada hardware spesifikasi atas dengan konfigurasi pemilik pengguna kelas berat, membutuhkan 160 menit, atau sekitar 2,7 jam. \r\n</p>\r\n<p>\r\nSebagai perbandingan, upgrade repair (perbaikan) dari Vista SP1 ke Vista SP1 dengan hadware yang sama dan penggunaan bera membutuhkan 176 menit, atau 2,9 jam.\r\nSkenario terburuk muncul pada konfigurasi hadware kelas menengah, yakni CPU 32 bit namun dengan software dan konfigurasi &quot;pengguna super&quot;. Proses upgrading akan butuh waktu hingga 1.220 menit alias 20,3 jam. Padahal yang dianggap hadware kelas menengah, memiliki spesifikasi setara memory 2GB RAM, prosesor dual core, Athlon 64 X2, pada 2,6GHz dan hardisk 1 Terabyte.\r\n</p>\r\n<p>\r\nMereka yang dianggap pengguna super, memiliki profil lebih sadis dalam istilah penggunaan data, ketimbang pengguna kelas berat pada umumnya. Sebagai contoh, tim penguji menyebut pengguna super memiliki 650 GB data dan 40 aplikasi lebih yang terinstal dalam komputer mereka.\r\nLalu pada kelas rendah, pengguna medium, dengan 70 GB data dan 20 aplikasi, dengan memori sekitar 1 GB, prosesor 64 bit, AMD Athlon pada kecepatan 2,2 GHz, bakal butuh waktu bermigrasi sekitar 175 menit. Hardware yang lebih bertenaga, secara umum membutuhkan waktu instalasi lebih singkat.\r\n</p>\r\n<p>\r\nMicrosoft tidak selalu bisa mencapai target lima persen tujuan tim Chris yang telah dijanjikan. Dalam satu contoh, instalasi bersih (instalasi pertama pada komputer baru tanpa OS) Windows 7 pada hardware spesifikasi menengah membutuhkan 30 menit sementara instalasi bersih Vista SP1 butuhk 31 menit. Hanya saja, secara keseluruhan, tidak ada instalasi Windows 7 yang lebih lambat dibandingkan Vista.\r\n</p>\r\n<p>\r\nPertanyaan tersisa, apakah para toko dan ritel software akan mendengar rayuan Microsoft dan memutuskan hijrah ke Windows 7 lebih cepat? Tradisi yang berlaku, ritel IT akan cenderung menunggu Service Pack I sebelum mendatangkan versi terbaru Windows.\r\nWaktu yang akan menjadi sumber menentukan apakah kalangan profesional IT akan berpindah, sehingga Vista tak lagi menarik bagi ritel dan toko software. Jadi kehijrahan mereka ke Windows 7 dengan segera, menandakan pula, apakah para profesional IT suka dengan hasil pengujian waktu instal yang dilakukan Chris Hernandez.  internetnews/itz.\r\n</p>\r\n','Minggu','2009-10-25 00:00:00','19windows7.jpg',20,'komputer','Y'),(8,1,'wiro','Cristiano Ronaldo Pemain Sepakbola Terbaik 2008','cristiano-ronaldo-pemain-sepakbola-terbaik-2008','Cristiano Ronaldo akhirnya terpilih sebagai Pemain Terbaik Dunia versi FIFA, mengalahkan Lionel Messi (Barcelona), dan Fernando Torres (Liverpool). Penetapan itu diumumkan di Zurich, Swiss, Senin atau Selasa (13/1) dini hari. Ronaldo menjadi pemain pertama dari Premier League yang menerima penghargaan itu. Sebelumnya, dia juga terpilih sebagai Pemain Terbaik Eropa (Ballon d\'Or) dan baru saja dinobatkan sebagai Pemain Terbaik Dunia versi suporter.<br><br>Pemain Manchester United (MU) asal Portugal itu meraih 935 pemilih dari poling yang disebar ke seluruh dunia. Pemilihnya hanya dibatasi kapten tim dan pelatih. Hasil itu diumumkan oleh pemain legendaris Brasil, Pele.<br><br>Sementara itu, Lionel Messi berada di tempat kedua. Pemain Barcelona asal Argentina itu meraih 678 suara. Adapun striker Liverpool asal Spanyol, Fernando Torres, berada di tempat ketiga dengan 203 suara.<br><br>Musim lalu, Ronaldo memang tampil bagus. Dia mencetak 42 gol dan membawa Manchester United merebut gelar Premier League dan Liga Champions.<br><br>\"Ini momen yang sangat indah buatku. Momen spesial dalam hidupku. Aku ingin mengatakan kepada ibu dan saudara perempuanku bahwa kembang api sudah saatnya disulut,\" kata Ronaldo seusai menerima penghargaan itu. (sumber: detiksport.com)<br>','Senin','2009-02-27 00:00:00','92cristianoronaldo.jpg',16,'sepakbola','Y'),(9,1,'admin','Text Editor keren untuk TextArea Ala Ms Word','editor-textarea-ala-ms-word','<div style=\"text-align: center\">\r\n</div>\r\n<div style=\"text-align: center\">\r\n</div>\r\n<div style=\"text-align: center\">\r\n</div>\r\n<p>\r\nSecara standar, textarea akan ditampilkan apa adanya, artinya teks yang diketik tidak bisa diatur formatnya, misalnya apabila kita ingin kalimat tertentu ditebalkan, dimiringkan atau diatur jenis dan ukuran hurufnya. Hal ini tidak bisa dilakukan dalam textarea standar, kecuali Anda hapal perintah HTML, kemudian menuliskannya secara manual di textarea tersebut, namun bagi reporter atau user yang awam tentu hal ini cukup menyulitkan mereka.<br />\r\n<br />\r\nSolusinya, gunakan editor <strong>WYSIWYG</strong> (<em>What You See Is What You Get</em>) &ndash; Apa yang kau lihat adalah apa yang kau dapatkan. Menurut pengertian dari Wikipedia, WYSIWYG adalah suatu editor yang memungkinkan user untuk menentukan format, ukuran dan jenis huruf, menambahkan hyperlink dan tabel, dan juga bisa mengupload file, gambar, animasi flash, dan video.<br />\r\n</p>\r\n<div style=\"text-align: center\">\r\n<img src=\"http://localhost./lokomedia/tinymcpuk/gambar/Image/cktini.jpg\" alt=\" \" width=\"326\" height=\"72\" />\r\n</div>\r\n<p>\r\nSaat ini banyak sekali editor WYSIWYG, tapi daripada bingung memilih, saya sarankan untuk menggunakan <strong>TinyMCE</strong> atau <strong>CKEditor</strong>, karena kedua open source editor WYSIWYG tersebut sudah teruji di CMS sekelas Joomla dan Wordpress. Alasan lainnya, karena kelengkapan dokumentasi, kaya fiturnya, kompatibilitas browser, dukungan forum, update, dan plugins. \r\n</p>\r\n<p>\r\nSaat searching di Google, saya ketemu sama yang namanya <strong>tinyFCK</strong> (<a href=\"http://p4a2.crealabsfoundation.org/tinyfck\" target=\"_blank\">http://p4a2.crealabsfoundation.org/tinyfck</a>), editor WYSIWYG yang menggabungkan kelebihan dari TinyMCE dan CKEditor, atau yang lebih kompleks lagi, yaitu <strong>TinyMCPUK</strong>, karena selain menggabungkan kelebihan dari TinyMCE dan CKEditor, juga ditambahkan image manager yang berguna untuk memanipulasi gambar.\r\n</p>\r\n','Selasa','2010-01-12 00:00:00','72office.jpg',159,'komputer','Y'),(10,2,'Administrator','Angry Birds Hadirkan Budaya Indonesia','angry-birds-hadirkan-budaya-indonesia','<p>Game mobile Angry Birds yang tengah digandrungi, rencananya akan masuk pasar Indonesia. Tim game Rovio ingin menggaet developer tanah air. Mereka mengaku mengharapkan kelahiran Angry Birds yang khas Indonesia.</p>\r\n\r\n<p>\"Kami mengerti (keinginan) itu. Siapa tahu nantinya Angry Birds ala Indonesia akan memakai batik,\" ungkap Chief Marketing Officer Rovio, Peter Vesterbacka, saat ditemui di Hotel Kempinski, Jakarta, Rabu (25/1). \"Tapi kami ingin menyelami lebih dalam. Apa saja yang bisa digali dari Indonesia.\"</p>\r\n\r\n<p>Peter juga mengungkapkan telah menerima banyak masukan untuk menghadirkan wayang, batik, garuda dan Bali di game tersebut. Untuk itu, Rovio bersama Nokia kemudian menggelar kompetisi. Diharapkan dari situ akan lahir Angry Birds yang \"Indonesia Banget\".</p>\r\n\r\n<p>Sayangnya, Peter enggan menyebutkan kapan tepatnya rencana itu akan direalisasikan. Namun ini tetap menjadi kabar baik untuk developer lokal untuk semakin berkibar. \"Pengembang aplikasi di Indonesia memiliki potensi dan talenta untuk dikembangkan,\" lanjut Peter yakin.</p>\r\n\r\n<p>(sumber: wowkeren.com)</p>','Selasa','2019-06-25 22:17:52','fbf2f4bfbcc4e618c51acb9faaa5a497.jpg',0,'film','Y'),(11,1,'Administrator','Hantam Laos 6-0, Indonesia Semifinal','hantam-laos-60-indonesia-semifinal','<p>?????? ?????? ??????????? ???????????</p>','Minggu','2019-06-23 00:00:00','1bachdim.jpg',0,'sepakbola','N'),(12,1,'Administrator','Pencari Kebahagiaan Sejati','pencari-kebahagiaan-sejati','<p>Syeikh Abdul Basith Musfi, pemuda 23 tahun yang lahir di Arab Saudi itu mengaku prihatin dan turut berduka atas sejumlah bencana alam yang terjadi di Indonesia. Khususnya <a href=\"https://sedekahonline.com/donasi/bantu-korban-banjir-bandang-konawe\">banjir bandang</a> di Konawe dan Konawe Utara, Sulawesi Tenggara pada awal Juni lalu.</p>\r\n\r\n<p>Namun menurut syiekh yang saat ini aktif menjadi pengajar di Univeritas Umul Qura Mekah itu, ada hikmah yang bisa dipetik umat muslim dari setiap bencana yang terjadi. Musibah sejatinya adalah ujian dari Allah agar ketakwaan umatNya semakin meningkat.</p>\r\n\r\n<p>“Hikmah dari bencana itu kita harus berlebih ibadah, dengan mengingat Allah, berzikir kepadaNya, membaca Al-Qur’an dan melakukan hal-hal yang membuat kita semakin meningkatkan ibadah kepadaNya,” ujar hafizh 30 juz itu.</p>\r\n\r\n<p>Kemudian tutur Syeikh Basith dengan ikut membantu saudara-saudara sesama muslim yang terkena dampak bencana tersebut. Ia pun menyebutkan hadits riwayat Bukhari dan Muslim, ” Tidak sempurna Iman seseorang sehingga ia mencintai saudaanya sebagaimana ia mencintai dirinya sendiri. ”</p>\r\n\r\n<p>“Orang yang beriman itu adalah ia yang membantu fakir, miskin dan mereka yang sedang kesulitan. Umat muslim yang membantu sesama itu pahalanya besar sekali. Mari biasakan berzikir, membaca Al-Qur’an, <a href=\"https://sedekahonline.com/donasi/indonesia-siaga-bencana\">sedekah</a> dan berinfak,” tutur Syeikh Basith.</p>','Selasa','2019-06-25 22:07:15','9f3635fe678db78e7b8f0ccf98de0994.jpg',0,'amerika,film','Y'),(13,1,'Administrator','Longsor, Pembangunan Masjid Sadaunta Terhambat','longsor-pembangunan-masjid-sadaunta-terhambat','<p>Gempa bumi dan tsunami yang terjadi di Sulawesi Tengah pada September 2018 lalu tak hanya menghancurkan rumah, pemukiman warga dan perkantoran. Bencana itu juga merusak jalan di sejumlah lokasi. Salah satunya akses menuju Kampung Qur’an Sadaunta di Kulawi, Kabupaten Sigi.</p>\r\n\r\n<p>Pascagempa  tanah menuju Sadaunta mudah bergeser. Apa lagi, curah hujan tinggi, akses berliku, jurang yang curam membuat longsor tak bisa terhindarkan dan jalan terputus. Hal itu menyebabkan supalai bahan bangunan terhambat. Aktivitas pembangunan Masjid Sadaunta pun tersendat.</p>\r\n\r\n<p>“Beberapa minggu lalu longsor kembali terjadi. Jalan ditutup selama satu pekan, sempat dibuka beberapa hari namun ditutup lagi dua minggu. Hal ini tentu membuat pengiriman bahan bangunan terkendala,” ujar Koordinator Siaga Bencana (SIGAB) PPPA Daarul Qur’an Mashuri.</p>\r\n\r\n<p>Sejatinya pembangunan Masjid Sadaunta sudah memasuki tahap akhir. Meski belum 100 persen rampung, masjid sudah digunakan warga untuk melaksanakan sholat wajib, tarawih dan ibadah lainnya pada Ramadhan 1440 H lalu.</p>\r\n\r\n<p>\"Tinggal pasang kubah dan pintu masjid, tapi jalan menuju lokasi putus, kubah dari Palu belum bisa sampai ke masjid. Kami memohon doa kepada seluruh masyarakat Indonesia khususnya donatur PPPA Daarul Qur’an agar pembangunan masjid dapat segera selesai,” harap Mashuri.</p>','Selasa','2019-06-25 21:50:51','473f6e8b2d2ba3dcaaa780f1c8d070b5.jpg',0,'browser,gaza','Y');

/*Table structure for table `carousel` */

DROP TABLE IF EXISTS `carousel`;

CREATE TABLE `carousel` (
  `carousel_id` int(11) NOT NULL AUTO_INCREMENT,
  `carousel_nama` varchar(100) COLLATE utf8_unicode_ci DEFAULT NULL,
  `carousel_gambar` varchar(150) COLLATE utf8_unicode_ci DEFAULT NULL,
  `carousel_link` varchar(250) COLLATE utf8_unicode_ci DEFAULT NULL,
  PRIMARY KEY (`carousel_id`)
) ENGINE=InnoDB AUTO_INCREMENT=6 DEFAULT CHARSET=utf8 COLLATE=utf8_unicode_ci;

/*Data for the table `carousel` */

insert  into `carousel`(`carousel_id`,`carousel_nama`,`carousel_gambar`,`carousel_link`) values (1,'Keseluruhan isi dari kontak.php pada rest_ci pada rest_ci/application/controller akan tampak seperti','92eb8c2ddeb545f7b84e86fd6fd23963.jpg','http://localhost:81/kqc_web/artikel/cristiano-ronaldo-pemain-sepakbola-terbaik-2008'),(3,'CodeIgniter merupakan aplikasi sumber terbuka yang berupa framework PHP dengan model MVC','c002485714a230c009f77e66aaa7bd3b.jpg','CodeIgniter merupakan aplikasi sumber terbuka yang berupa framework PHP dengan model MVC'),(4,'Sebagai contoh penerapan REST pada Codeigniter di bawah ini akan dijelaskan langkah-langkah pembuata','0c26269599dbd4c09f6dfaddfe3c9e57.jpg','Sebagai contoh penerapan REST pada Codeigniter di bawah ini akan dijelaskan langkah-langkah pembuatan'),(5,'Setelah semua yang diperlukan telah siap, extract Codeigniter dan library REST server yang telah did','a49e746c56cb89827d811b63c70e1142.jpg','Setelah semua yang diperlukan telah siap, extract Codeigniter dan library REST server yang telah didownload');

/*Table structure for table `kategori` */

DROP TABLE IF EXISTS `kategori`;

CREATE TABLE `kategori` (
  `kategori_id` int(5) NOT NULL AUTO_INCREMENT,
  `kategori_nama` varchar(50) CHARACTER SET latin1 COLLATE latin1_general_ci DEFAULT NULL,
  `kategori_seo` varchar(100) CHARACTER SET latin1 COLLATE latin1_general_ci DEFAULT NULL,
  PRIMARY KEY (`kategori_id`)
) ENGINE=MyISAM AUTO_INCREMENT=4 DEFAULT CHARSET=utf8 COLLATE=utf8_unicode_ci;

/*Data for the table `kategori` */

insert  into `kategori`(`kategori_id`,`kategori_nama`,`kategori_seo`) values (1,'Kabar KQC','kabar-kqc'),(2,'Inspirasi','inspirasi'),(3,'Al qur\'an','al-quran');

/*Table structure for table `komentar` */

DROP TABLE IF EXISTS `komentar`;

CREATE TABLE `komentar` (
  `komentar_id` int(5) NOT NULL AUTO_INCREMENT,
  `artikel_id` int(5) DEFAULT NULL,
  `komentar_nama` varchar(100) COLLATE latin1_general_ci DEFAULT NULL,
  `komentar_email` varchar(150) COLLATE latin1_general_ci DEFAULT NULL,
  `komentar_isi` text COLLATE latin1_general_ci,
  `komentar_tanggal` datetime DEFAULT NULL,
  `komentar_status` enum('Y','N') COLLATE latin1_general_ci DEFAULT 'N',
  `komentar_parent` int(11) DEFAULT NULL,
  PRIMARY KEY (`komentar_id`)
) ENGINE=MyISAM AUTO_INCREMENT=101 DEFAULT CHARSET=latin1 COLLATE=latin1_general_ci;

/*Data for the table `komentar` */

insert  into `komentar`(`komentar_id`,`artikel_id`,`komentar_nama`,`komentar_email`,`komentar_isi`,`komentar_tanggal`,`komentar_status`,`komentar_parent`) values (12,71,'Wisnu',NULL,'pertamax','2009-02-02 00:00:00','Y',0),(13,71,'Adrian',NULL,'CR 7 emang idola gua, melesat terus ya prestasinya.','2009-02-02 00:00:00','Y',0),(15,79,'Armen',NULL,'ahmadinejad emang idolaku','2009-02-03 00:00:00','Y',0),(17,74,'Lukman',NULL,'apakah browser google secanggih search enginenya?','2009-02-21 00:00:00','Y',0),(34,92,'Rudi',NULL,' Kalau  tentang  gue,  kapan  dibuat  filmnya  ya?   ','2009-10-28 00:00:00','Y',0),(22,77,'Raihan',NULL,'mas .. tolong kirimin source code proyek lokomedia&nbsp; ke email saya di raihan@gmail.com','2009-08-25 00:00:00','Y',0),(23,77,'Wawan',NULL,'woi .. kunjungin dong website saya di http://bukulokomedia.com, jangan lupa kasih komen dan sarannya ya.','2009-08-25 00:00:00','Y',0),(36,93,'Lukman',NULL,'tes  kata-kata  jelek  sex   ','2009-11-04 00:00:00','Y',0),(65,85,'hilman',NULL,' emang  sih,  windows  7  lebih  cepat  dibandingkan  vista,  tapi  masih  banyak  bug  bung.   ','2010-01-15 00:00:00','Y',0),(66,78,'ronaldinho',NULL,' ronaldo  pantas  mendapatkannya  tahun  ini  dan  kayaknya  tahun  depan  masih  menjadi  miliknya.   ','2010-01-15 00:00:00','Y',0),(67,99,'lukman',NULL,' tes   ','2010-02-11 00:00:00','Y',0),(69,99,'fathan',NULL,'keduax','2010-02-15 00:00:00','Y',0),(70,99,'Rianto',NULL,' kok  nggak  ada  yang  pertamax  ..  langsung  keduax  sih.   ','2010-05-16 00:00:00','Y',0),(72,99,'lokomedia',NULL,' test  paging  komentar   ','2012-01-03 00:00:00','Y',0),(73,99,'husada',NULL,' perbaikan  paging  halaman  komentar   ','2012-01-03 00:00:00','Y',0),(74,99,'hendra',NULL,' iya  kemarin  sudah  saya  coba  yang  CMS  Lokomedia  versi  1.5,  paging  komentarnya  masih  error.   ','2012-01-03 00:00:00','Y',0),(75,99,'lukman',NULL,' @  husada  dan  hendra:  terimakasih  atas  perbaikan  bugnya.   ','2012-01-03 00:00:00','Y',0),(76,99,'lokomedia',NULL,' pada  versi  1.5.5,  bug  paging  halaman  komentar  sudah  diperbaiki.   ','2012-01-03 00:00:00','Y',0),(77,99,'hendra',NULL,' paging  halaman  komentar  sudah  berjalan  dengan  baik,  thanks  lokomedia   ','2012-01-03 00:00:00','Y',0),(92,124,'Lukmanul',NULL,'Tes  komentar  pakai  url  <a target=\"_blank\" rel=\"nofollow\" href=\"http://bukulokomedia.com\">http://bukulokomedia.com</a>&nbsp;','2012-05-02 00:00:00','Y',0),(95,121,'Robby Prihandaya',NULL,'Sepakan Hamka masih bisa ditepis Bounthisanh, tapi bola disambar oleh Arief Suyono dan terciptalah gol kelima Indonesia. Ini adalah gol kedua Arief dalam turnamen ini.','2017-05-10 00:00:00','Y',0),(96,99,'gdsg','dfgdf','fgdf','2019-06-27 06:50:43','Y',0),(97,NULL,'test koment','admin@admin.com','Hallo hallo',NULL,'N',0),(98,74,'hallo','hallo','hallo','2019-06-15 02:49:29','N',0),(99,74,'hallo','hallo','hallo','2019-06-15 02:50:05','N',0),(100,74,'hallo','hallo','hallo','2019-06-15 02:51:29','N',0);

/*Table structure for table `program` */

DROP TABLE IF EXISTS `program`;

CREATE TABLE `program` (
  `program_id` int(11) NOT NULL AUTO_INCREMENT,
  `program_nama` varchar(100) COLLATE utf8_unicode_ci DEFAULT NULL,
  `program_kategori` varchar(100) COLLATE utf8_unicode_ci DEFAULT NULL,
  `program_seo` varchar(120) COLLATE utf8_unicode_ci DEFAULT NULL,
  `program_gambar` varchar(150) COLLATE utf8_unicode_ci DEFAULT NULL,
  `program_isi` text COLLATE utf8_unicode_ci,
  `program_status` enum('Y','N') COLLATE utf8_unicode_ci DEFAULT 'N',
  PRIMARY KEY (`program_id`)
) ENGINE=InnoDB AUTO_INCREMENT=5 DEFAULT CHARSET=utf8 COLLATE=utf8_unicode_ci;

/*Data for the table `program` */

insert  into `program`(`program_id`,`program_nama`,`program_kategori`,`program_seo`,`program_gambar`,`program_isi`,`program_status`) values (2,'Rumah Tahfidz Center','pendidikan-dan-dakwah','rumah-tahfidz-center','f9af1740374da2946015f04dd819bc09.jpg','<p>Rumah Tahfidz Center adalah unit program PPPA Daarul Qur’an yang bertanggungjawab atas pelaksanaan program Rumah Tahfidz di Indonesia dan luar negeri meliputi pembinaan, pengawasan, dan pengembangannya.</p>\r\n\r\n<p><strong>Rumah Tahfidz </strong></p>\r\n\r\n<ul>\r\n <li>Rumah tahfidz adalah aktivitas menghafal Al-Quran, mengamalkan, dan membudayakan nilai-nilai Al-Qur’an dalam sikap hidup seharihari berbasis hunian, lingkungan, dan komunitas.</li>\r\n <li>Rumah Tahfidz adalah embrio dan gerbang membangun masyarakat dengan dakwah Al-Qur’an untuk mencapai terwujudnya masyarakat madani yang punya nilai-nilai keislaman dalam wujud perilaku kehidupan.</li>\r\n <li>Rumah Tahfidz adalah agen perubahan masyarakat</li>\r\n <li>Rumah Tahfidz adalah sarana untuk membangun kemandirian masyarakat</li>\r\n</ul>\r\n\r\n<p><strong>Visi dan Misi Rumah Tahfidz Center</strong></p>\r\n\r\n<p>Visi:</p>\r\n\r\n<p>Membangun masyarakat madani berbasis tahfidzul Qur’an untuk kemandirian ekonomi, sosial, budaya, dan pendidikan bertumpu pada sumberdaya lokal yang berorientasi pada pemuliaan Al-Qur’an.</p>\r\n\r\n<p>Misi:</p>\r\n\r\n<ul>\r\n <li>Menjadikan tahfidzul Qur’an sebagai budaya hidup masyarakat dunia.</li>\r\n <li>Menjadikan Rumah Tahfidz Center sebagai pusat informasi, pembinaan dan pengembangan Rumah Tahfidz.</li>\r\n <li>Menyamakan pemahaman dan value tentang konsep Rumah Tahfidz</li>\r\n</ul>\r\n\r\n<p><strong>Tujuan Program</strong></p>\r\n\r\n<p>Rumah Tahfidz Center (RTC) dibentuk untuk melaksanakan fungsi dan peran penataan, pembinaan, pengembangan, dan pengawasan gerakan Rumah Tahfidz di seluruh Indonesia dan luar negeri.</p>\r\n\r\n<p><strong>Prinsip Program </strong></p>\r\n\r\n<p>RTC dalam melaksanakan aktivitasnya bersifat independen dan tidak berpihak pada kepentingan politik, maksudnya RTC sebagai unit pengelola Rumah tahfidz ada untuk semua golongan dengan kepentingan dakwah Al-Qur’an.</p>\r\n\r\n<p><strong>Sasaran Program</strong></p>\r\n\r\n<p>Sasaran Program Rumah Tahfidz Center adalah masyarakat muslim.</p>\r\n\r\n<p> </p>\r\n\r\n<p><strong>Komponen Program Rumah Tahfidz</strong></p>\r\n\r\n<p>-<strong> Masyarakat</strong></p>\r\n\r\n<ul>\r\n <li>Sekumpulan orang yang terdiri dari berbagai kalangan baik golongan mampu atau tidak mampu yang tinggal di dalam satu wilayah muslim yang memiliki tujuan sama untuk memuliakan AlQur’an dan mengamalkan nilai-nilainya dalam kehidupan seharihari</li>\r\n</ul>\r\n\r\n<p><strong>- Sarana dan Prasarana</strong></p>\r\n\r\n<ul>\r\n <li>Sarana adalah tempat, ruang belajar, dan lingkungan yang kondusif.</li>\r\n <li>Prasarana adalah alat penunjang pendidikan Tahfidzul Qur’an meliputi perlengkapan belajar.</li>\r\n</ul>\r\n\r\n<p><strong>- Ustadz/Ustadzah</strong></p>\r\n\r\n<p>Ustadz/Ustadzah adalah seseorang yang memiliki kompetensi untuk mengajarkan pelajaran agama Islam. Asaatidz Rumah Tahfidz adalah sekumpulan orang yang ditunjuk Rumah Tahfidz atau Rumah Tahfidz Center untuk menjadi pengajar, dengan kriteria memiliki hafalan 30 juz, memahami Daqu Methode, dan ilmu Dirosah Islamiyah.</p>\r\n\r\n<p> </p>\r\n\r\n<p><strong>Kriteria Asaatidz Rumah Tahfidz </strong></p>\r\n\r\n<ul>\r\n <li>Diutamakan yang sudah menikah (suami istri hafidz dan hafidzoh) jika dalam rumah tahfidz ada santri laki-laki dan perempuan yang mukim dengan tetap penginapan yang dipisah.</li>\r\n <li>Diutamakan hafal 30 juz untuk ustadz yang mukim dan lolos seleksi oleh Dewan Tahfidz dan RTC.</li>\r\n <li>Komunikatif dan mampu memberikan pengajaran tahfidz.</li>\r\n <li>Tidak mengajarkan hal-hal yang bertentangan dengan AlQur’an dan Sunnah.</li>\r\n <li>Tidak aktif dalam berpolitik.</li>\r\n</ul>\r\n\r\n<p><strong>- Santri</strong></p>\r\n\r\n<p>Santri Rumah Tahfidz adalah individu yang belajar dan menghafal Al-Qur’an di dalam rumah tahfidz baik mukim maupun non mukim.</p>\r\n\r\n<p>Kriteria Santri Rumah Tahfidz:</p>\r\n\r\n<ul>\r\n <li>Sudah lancar membaca Al-Qur’an 7</li>\r\n <li>Mempunyai keinginan yang kuat untuk mengaji dan menghafal Al-Qur’an 30 juz.</li>\r\n <li>Santri diprioritaskan untuk masyarakat di sekitar rumah tahfidz berdiri.</li>\r\n <li>Berakhlaq mulia dan siap untuk dibina.</li>\r\n</ul>\r\n\r\n<p> </p>\r\n\r\n<p><strong>Kategori Rumah Tahfidz</strong></p>\r\n\r\n<p><strong>- Rumah Tahfidz Daarul Qur’an</strong></p>\r\n\r\n<p>Rumah tahfidz yang didirikan dan dibiayai sepenuhnya oleh lembaga PPPA Daarul Qur’an.</p>\r\n\r\n<p><strong>- Rumah Tahfidz Mitra</strong></p>\r\n\r\n<p>Rumah Tahfidz yang didirikan atas kerjasama antara Rumah Tahfidz Center dengan individu, lembaga, komunitas, perusahaan dan lain-lain, dengan pola kerjasamanya sebagai berikut: kerjasama pendanaan, kerjasama penempatan sdm pengajar, kerjasama branding rumah tahfidz.</p>\r\n\r\n<p><strong>- Rumah Tahfidz Mandiri</strong></p>\r\n\r\n<p>Rumah tahfidz yang didirikan atas inspirasi dari rumah tahfidz PPPA Daarul Qur’an dengan status rumah tahfidz pribadi, yayasan, lembaga dan komunitas. Biaya operasional sepenuhnya dibiayai oleh pengelola rumah tahfidz yang bersangkutan.</p>\r\n\r\n<p> </p>\r\n\r\n<p><strong>Sistem Kurikulum</strong></p>\r\n\r\n<ul>\r\n <li>Tahfidz dengan target hafalan 30 juz, atau 1 juz/bulan</li>\r\n <li>Jenjang pendidikan di Rumah Tahfidz selama 3 tahun.</li>\r\n <li>Dirasah islamiyah</li>\r\n <li>Attibyan fii adabi hamalatil Qur’an</li>\r\n <li>Bahasa Arab dan Inggris</li>\r\n <li>keterampilan sesuai minat dan bakat</li>\r\n</ul>\r\n\r\n<p><strong>Pengembangan</strong></p>\r\n\r\n<p>RTC mengembangkan jumlah berdirinya rumah tahfidz di seluruh Indonesia dan luar negeri.</p>\r\n\r\n<p><strong>Pembinaan</strong></p>\r\n\r\n<p>Ruang lingkup pembinaan Rumah Tahfidz Center:</p>\r\n\r\n<ul>\r\n <li>Upgrading Asaatidz Rumah Tahfidz.</li>\r\n <li>Pengarahan pelaksanaan kurikulum rumah tahfidz.</li>\r\n <li>Motivasi santri tahfidz.</li>\r\n <li>Memberikan saran, arahan, dan pendampingan terhadap rumah tahfidz yang bermasalah (tidak dapat menjalankan kurikulum rumah tahfidz, dll).</li>\r\n</ul>\r\n\r\n<p><strong>Pengawasan</strong></p>\r\n\r\n<ul>\r\n <li>Rumah Tahfidz Center melakukan audit program rumah tahfidz</li>\r\n <li>Rumah Tahfidz Center memastikan berjalannya SOP rumah tahfidz 8</li>\r\n <li>RTC akan membekukan rumah tahfidz jika bertentangan dengan ajaran Al Qur’an dan Sunnah dan melanggar ketentuan hukum yang berlaku.</li>\r\n</ul>\r\n\r\n<p><strong>Output & Indikator Keberhasilan Program</strong></p>\r\n\r\n<ul>\r\n <li>Dalam 3 tahun dapat meluluskan santri dengan hafalan 30 juz.</li>\r\n <li>Santri bisa berkomunikasi dengan bahasa Arab dan Inggris dalam 3 tahun. Santri memahami dan mengamalkan nilai-nilai keislaman.</li>\r\n <li>Terciptanya budaya Daqu Methode pada santri, guru, orang tua, pengelola dan masyarakat sekitar rumah tahfidz.</li>\r\n <li>Terwujudnya kawasan religius berbasis komunitas, kampung, dan wilayah.</li>\r\n <li>Rumah Tahfidz menjadi tempat pembelajaran Al Qur’an bagi masyarakat.</li>\r\n <li>Adanya peningkatan hafalan Al Qur’an yang diperoleh santri dan warga sekitar.</li>\r\n <li>Munculnya kecintaan terhadap Al Qur’an pada santri dan masyarakat sekitar.</li>\r\n</ul>','Y'),(3,'Pesantren Tahfidz Daarul Qur\'an','pendidikan-dan-dakwah','pesantren-tahfidz-daarul-quran','3aae37886726c8abb5aeb61526d60784.jpg','<p>Dengan Visi dan cita-cita besar, kami ingin mewujudkan dalam bentuk pembangunan 100 pesantren tahfidz Qur’an di seluruh Indonesia. 100 pesantren ini  Insya Allah akan menjadi pembibitan para penghafal Qur’an di Indonesia dan juga sebagai tempat lahirnya generasi baru yang akan membawa perubahan bagi Indonesia. Pesantren ini nantinya akan bisa dinikmati oleh anak-anak Indonesia dari berbagai kalangan dengan sistim subsidi silang dan pemberian beasiswa</p>\r\n\r\n<p>Tahun 2016 Pesantren Daarul Qur’an dibeberapa kota di Indonesia, Malang, Banyuwangi, Cilegon, Jambi, Palembang dan Tangerang, menyelesaikan pembangunan Masjid Tahfidz Daarul Qur’an Pusat dan Masjid Pesantren Daarul Qur’an, </p>','Y'),(4,'Santri Siaga Bencana (SIGAB)','sosial-dan-kemanusian','santri-siaga-bencana-sigab','491437dc35537ee2ca1df71f028d5feb.jpg','<p>SIGAB (Santri Siaga Bencana) adalah program sosial kemanusiaan untuk aksi paskabencana di wilayah terdampak baik bencana alam, sosial, dan kejadian luar biasa. SIGAB melingkupi aktivitas <em>emergency</em>, rehabilitasi, atau rekonstruksi wilayah terdampak.</p>\r\n\r\n<p>Santri adalah orang, komunitas, dan kelompok masyarakat tertentu dengan berbagai profesi yang berpihak dan bersedia bergerak dalam dunia kemanusiaan.</p>\r\n\r\n<p>                                                       </p>\r\n\r\n<p><strong>Tujuan dan manfaat Program SIGAB adalah sebagai berikut :</strong></p>\r\n\r\n<ul>\r\n <li>Adanya <em>Rapid Risk Assessment</em> (RRA) dalam penanganan kebencanaan.</li>\r\n <li>Melakukan aksi efektif dan efisien dalam penanganan kebencanaan.</li>\r\n <li>Melakukan <em>Community Based Disaster Management</em> berpusat di masjid, rumah tahfidz, atau madrasah.</li>\r\n <li>Membangun mental masyarakat di wilayah terdampak bencana berbasis tahfidzul Qur’an.</li>\r\n</ul>\r\n\r\n<p> </p>\r\n\r\n<p><strong>Ruang Lingkup</strong></p>\r\n\r\n<ul>\r\n <li><strong><em>Emergency </em></strong>adalah aktivitas sampai hari ketujuh paskabencana di lokasi terdampak. Memenuhi kebutuhan logistik dasar masyarakat terdampak bencana.</li>\r\n <li><strong>Rehabilitasi </strong>adalah aktivitas mulai dari bulan ketiga hingga tahun kelima di lokasi terdampak. Rehabilitasi melingkupi pemulihan aktivitas masyarakat terdampak sampai tingkat memadai, termasuk pada trauma paskabencana.</li>\r\n <li><strong>Rekonstruksi </strong>adalah pembangunan kembali sarana prasarana di wilayah paskabencana dengan sasaran utama tumbuh dan berkembangnya aktivitas sosial masyarakat.</li>\r\n</ul>\r\n\r\n<p><strong>Komponen Program</strong></p>\r\n\r\n<p><strong>- </strong>Kaver Aksi SIGAB</p>\r\n\r\n<p>Kategori paskabencana yang dapat dikaver Program SIGAB adalah sebagai berikut:</p>\r\n\r\n<ul>\r\n <li>Bencana Alam, diakibatkan peristiwa oleh alam (gempa bumi, tsunami, erupsi gunung berapi, banjir, kekeringan, angin topan, dan tanah longsor).</li>\r\n <li>Bencana Sosial, peristiwa yang diakibatkan oleh manusia (konflik sosial dan teror), termasuk di dalamnya akibat modernisasi (kebakaran hutan)</li>\r\n</ul>\r\n\r\n<p><strong>Jangka Waktu Aksi SIGAB</strong></p>\r\n\r\n<table>\r\n <tbody>\r\n  <tr>\r\n   <td> </td>\r\n   <td colspan=\"3\"><br>\r\n   Jangka waktu<br>\r\n    </td>\r\n  </tr>\r\n  <tr>\r\n   <td>Aktivitas</td>\r\n   <td>s/d 7 hari</td>\r\n   <td>s/d 3 bulan</td>\r\n   <td>s/d 5 tahun</td>\r\n  </tr>\r\n  <tr>\r\n   <td><em>Emergency</em></td>\r\n   <td>-</td>\r\n   <td> </td>\r\n   <td> </td>\r\n  </tr>\r\n  <tr>\r\n   <td><em>Rehabilitasi</em></td>\r\n   <td>-</td>\r\n   <td>-</td>\r\n   <td> </td>\r\n  </tr>\r\n  <tr>\r\n   <td><em>Rekonstruksi</em></td>\r\n   <td> </td>\r\n   <td>-</td>\r\n   <td>-</td>\r\n  </tr>\r\n </tbody>\r\n</table>\r\n\r\n<p> </p>\r\n\r\n<p><strong>Aktivitas Program</strong></p>\r\n\r\n<p>Aktivitas SIGAB di wilayah terdampak bencana berpusat di masjid terdekat, Madrasah, Rumah Tahfidz, pesantren, ataupun tenda darurat yang difungsikan.</p>\r\n\r\n<p><em>- Emergency</em></p>\r\n\r\n<p>Pada tahap ini, SIGAB memberikan beberapa bentuk bantuan sosial kemanusiaan, yakni:</p>\r\n\r\n<ul>\r\n <li>Logistik (sembako, obat, pakaian baru, tenda darurat, dapur umum, air bersih)</li>\r\n <li>Trauma healing</li>\r\n <li>Kesehatan korban terdampak bencana</li>\r\n</ul>\r\n\r\n<p><em>- Rehabilitasi</em></p>\r\n\r\n<p>Pada tahap ini, SIGAB memberikan beberapa bentuk bantuan sosial kemanusiaan, yakni:</p>\r\n\r\n<ul>\r\n <li>Pendampingan</li>\r\n <li>Trauma Healing</li>\r\n</ul>\r\n\r\n<p><em>- Rekonstruksi</em></p>\r\n\r\n<p>Pada tahap ini, SIGAB memberikan beberapa bentuk bantuan sosial kemanusiaan, yakni:</p>\r\n\r\n<ul>\r\n <li>Pembangunan sarana dan prasarana pokok yang tidak tergarap pihak manapun (rumah semi permanen, madrasah, masjid, atau sumber air bersih)</li>\r\n <li>Pendampingan berbasis dakwah Tahfidzul Qur’an</li>\r\n <li>Terwujudnya Kampung Qur’an (melalui tahap kajian lanjut).</li>\r\n</ul>\r\n\r\n<p><strong>Survey Lapangan dan Rapid Risk Analysis (RRA)</strong></p>\r\n\r\n<p>Sebelum melakukan aksi Sosial Kemanusiaan di lokasi bencana, maka Relawan SIGAB harus melakukan beberapa tahap di bawah, yakni:</p>\r\n\r\n<ul>\r\n <li>Pengumpulan data lokasi secara langsung maupun tidak langsung melalui (wawancara, internet, televisi, media cetak, dll).</li>\r\n <li>Pengumpulan data profil daerah meliputi alamat lokasi lengkap, kondisi jalan, jembatan, cakupan air bersih, listrik, 30 telekomunikasi, sarana kesehatan, tempat ibadah, bandara, dan data korban bencana.</li>\r\n <li>Pemenuhan sumber daya di lokasi bencana diawali melaporkan data lapangan berupa lokasi pengungsi, kebutuhan logistik (pangan, sandang, dan obat-obatan).</li>\r\n <li>Pemenuhan logistik hanya di masa emergency dengan mengoptimalkan jaringan kerelawanan lokal dan nasional.</li>\r\n <li>Pendampingan dilakukan di masa emergency dan rehabilitasi, maksimal 3 bulan paska bencana.</li>\r\n <li>Aktivitas rekonstruksi dilakukan menurut urgensi dan pertimbangan duplikasi bantuan, dan berdasar pada data lapangan kerusakan sarana prasarana (rumah, masjid, madrasah, dan aula kampung).</li>\r\n <li>Form survey lapangan terlampir.</li>\r\n</ul>\r\n\r\n<p><strong>Kategori Bantuan</strong></p>\r\n\r\n<p>Berdasar data lapangan, bantuan Program SIGAB adalah sebagai berikut:</p>\r\n\r\n<p>- Tahap <em>Emergency</em></p>\r\n\r\n<p>Minimal korban terdampak 150 KK</p>\r\n\r\n<ul>\r\n <li>Logistik (sembako, obat, pakaian baru, dapur umum, air bersih)</li>\r\n <li><em>Trauma healing</em></li>\r\n <li>Al-Qur’an</li>\r\n</ul>\r\n\r\n<p>Korban terdampak 150 – 500 KK</p>\r\n\r\n<ul>\r\n <li>Logistik (sembako, obat, pakaian baru, tenda darurat, dapur umum, air bersih)</li>\r\n <li><em>Trauma healing</em></li>\r\n <li>Sarana ibadah, dan fasilitas kesehatan</li>\r\n <li>Al-Qur’an</li>\r\n</ul>\r\n\r\n<p>- Tahap <em>Rehabilitasi</em></p>\r\n\r\n<ul>\r\n <li>Pendampingan</li>\r\n <li><em>Trauma Healing</em></li>\r\n <li>Al-Qur’an</li>\r\n</ul>\r\n\r\n<p>- Tahap <em>Rekonstruksi</em></p>\r\n\r\n<ul>\r\n <li>Pembangunan sarana dan prasarana pokok yang tidak tergarap pihak manapun (rumah semi permanen, madrasah, masjid, atau sumber air bersih) untuk lokasi terdampak dengan kategori kerusakan berat.</li>\r\n <li>Pendampingan berbasis dakwah Tahfidzul Qur’an 31</li>\r\n <li>Berdirinya Rumah Tahfidz dan Kampung Qur’an (melalui kajian lebih lanjut).</li>\r\n</ul>\r\n\r\n<p><strong>Jaringan Relawan</strong></p>\r\n\r\n<p>Jaringan relawan mengoptimalkan masyarakat di sekitar Rumah Tahfidz, Madrasah, Pesantren, dan Kampus yang telah bermitra dengan PPPA Daarul Qur’an di seluruh Indonesia.</p>','Y');

/*Table structure for table `tag` */

DROP TABLE IF EXISTS `tag`;

CREATE TABLE `tag` (
  `tag_id` int(5) NOT NULL AUTO_INCREMENT,
  `tag_nama` varchar(100) COLLATE latin1_general_ci NOT NULL,
  `tag_seo` varchar(100) COLLATE latin1_general_ci NOT NULL,
  PRIMARY KEY (`tag_id`)
) ENGINE=MyISAM AUTO_INCREMENT=25 DEFAULT CHARSET=latin1 COLLATE=latin1_general_ci;

/*Data for the table `tag` */

insert  into `tag`(`tag_id`,`tag_nama`,`tag_seo`) values (1,'Palestina','palestina'),(2,'Gaza','gaza'),(9,'Tenis','tenis'),(10,'Sepakbola','sepakbola'),(8,'Laskar Pelangi','laskar-pelangi'),(11,'Amerika','amerika'),(12,'George Bush','george-bush'),(13,'Browser','browser'),(14,'Google','google'),(15,'Israel','israel'),(16,'Komputer','komputer'),(17,'Film','film'),(19,'Mobil','mobil'),(21,'Gayus','gayus'),(24,'Dfgd Dfgdf','dfgd-dfgdf');

/*!40101 SET SQL_MODE=@OLD_SQL_MODE */;
/*!40014 SET FOREIGN_KEY_CHECKS=@OLD_FOREIGN_KEY_CHECKS */;
/*!40014 SET UNIQUE_CHECKS=@OLD_UNIQUE_CHECKS */;
/*!40111 SET SQL_NOTES=@OLD_SQL_NOTES */;
